Año,Trimestre,Provincia,Accesos por cada 100 hogares,Categoría,Fecha
2024,2, Buenos Aires ,79.84,Alta penetración,2024-02-01
2024,2, Capital Federal ,116.37,Alta penetración,2024-02-01
2024,2, Catamarca ,68.81,Alta penetración,2024-02-01
2024,2, Chaco ,44.06,Baja penetración,2024-02-01
2024,2, Chubut ,86.33,Alta penetración,2024-02-01
2024,2, Córdoba ,90.79,Alta penetración,2024-02-01
2024,2, Corrientes ,51.38,Alta penetración,2024-02-01
2024,2, Entre Ríos ,68.64,Alta penetración,2024-02-01
2024,2, Formosa ,39.69,Baja penetración,2024-02-01
2024,2, Jujuy ,58.3,Alta penetración,2024-02-01
2024,2, La Pampa ,101.17,Alta penetración,2024-02-01
2024,2, La Rioja ,79.52,Alta penetración,2024-02-01
2024,2, Mendoza ,52.3,Alta penetración,2024-02-01
2024,2, Misiones ,57.73,Alta penetración,2024-02-01
2024,2, Neuquén ,78.93,Alta penetración,2024-02-01
2024,2, Río Negro ,71.35,Alta penetración,2024-02-01
2024,2, Salta ,55.72,Alta penetración,2024-02-01
2024,2, San Juan ,51.17,Alta penetración,2024-02-01
2024,2, San Luis ,103.4,Alta penetración,2024-02-01
2024,2, Santa Cruz ,69.92,Alta penetración,2024-02-01
2024,2, Santa Fe ,81.34,Alta penetración,2024-02-01
2024,2, Santiago Del Estero ,49.67,Baja penetración,2024-02-01
2024,2, Tierra Del Fuego ,108.89,Alta penetración,2024-02-01
2024,2, Tucumán ,60.84,Alta penetración,2024-02-01
2024,1, Buenos Aires ,81.1,Alta penetración,2024-01-01
2024,1, Capital Federal ,119.53,Alta penetración,2024-01-01
2024,1, Catamarca ,68.82,Alta penetración,2024-01-01
2024,1, Chaco ,46.7,Baja penetración,2024-01-01
2024,1, Chubut ,84.89,Alta penetración,2024-01-01
2024,1, Córdoba ,90.7,Alta penetración,2024-01-01
2024,1, Corrientes ,51.94,Alta penetración,2024-01-01
2024,1, Entre Ríos ,69.31,Alta penetración,2024-01-01
2024,1, Formosa ,39.61,Baja penetración,2024-01-01
2024,1, Jujuy ,57.65,Alta penetración,2024-01-01
2024,1, La Pampa ,100.49,Alta penetración,2024-01-01
2024,1, La Rioja ,80.03,Alta penetración,2024-01-01
2024,1, Mendoza ,52.59,Alta penetración,2024-01-01
2024,1, Misiones ,56.76,Alta penetración,2024-01-01
2024,1, Neuquén ,79.5,Alta penetración,2024-01-01
2024,1, Río Negro ,71.14,Alta penetración,2024-01-01
2024,1, Salta ,56.3,Alta penetración,2024-01-01
2024,1, San Juan ,51.62,Alta penetración,2024-01-01
2024,1, San Luis ,102.7,Alta penetración,2024-01-01
2024,1, Santa Cruz ,67.58,Alta penetración,2024-01-01
2024,1, Santa Fe ,80.4,Alta penetración,2024-01-01
2024,1, Santiago Del Estero ,49.41,Baja penetración,2024-01-01
2024,1, Tierra Del Fuego ,109.78,Alta penetración,2024-01-01
2024,1, Tucumán ,60.48,Alta penetración,2024-01-01
2023,4, Buenos Aires ,80.96,Alta penetración,2023-04-01
2023,4, Capital Federal ,117.02,Alta penetración,2023-04-01
2023,4, Catamarca ,68.63,Alta penetración,2023-04-01
2023,4, Chaco ,44.35,Baja penetración,2023-04-01
2023,4, Chubut ,84.96,Alta penetración,2023-04-01
2023,4, Córdoba ,90.67,Alta penetración,2023-04-01
2023,4, Corrientes ,52.56,Alta penetración,2023-04-01
2023,4, Entre Ríos ,69.94,Alta penetración,2023-04-01
2023,4, Formosa ,39.23,Baja penetración,2023-04-01
2023,4, Jujuy ,57.78,Alta penetración,2023-04-01
2023,4, La Pampa ,99.96,Alta penetración,2023-04-01
2023,4, La Rioja ,80.22,Alta penetración,2023-04-01
2023,4, Mendoza ,52.15,Alta penetración,2023-04-01
2023,4, Misiones ,56.27,Alta penetración,2023-04-01
2023,4, Neuquén ,79.91,Alta penetración,2023-04-01
2023,4, Río Negro ,70.26,Alta penetración,2023-04-01
2023,4, Salta ,56.98,Alta penetración,2023-04-01
2023,4, San Juan ,50.08,Baja penetración,2023-04-01
2023,4, San Luis ,102.07,Alta penetración,2023-04-01
2023,4, Santa Cruz ,73.75,Alta penetración,2023-04-01
2023,4, Santa Fe ,79.75,Alta penetración,2023-04-01
2023,4, Santiago Del Estero ,49.08,Baja penetración,2023-04-01
2023,4, Tierra Del Fuego ,110.49,Alta penetración,2023-04-01
2023,4, Tucumán ,61.04,Alta penetración,2023-04-01
2023,3, Buenos Aires ,80.64,Alta penetración,2023-03-01
2023,3, Capital Federal ,116.4,Alta penetración,2023-03-01
2023,3, Catamarca ,68.55,Alta penetración,2023-03-01
2023,3, Chaco ,42.87,Baja penetración,2023-03-01
2023,3, Chubut ,84.23,Alta penetración,2023-03-01
2023,3, Córdoba ,90.05,Alta penetración,2023-03-01
2023,3, Corrientes ,52.78,Alta penetración,2023-03-01
2023,3, Entre Ríos ,68.84,Alta penetración,2023-03-01
2023,3, Formosa ,38.86,Baja penetración,2023-03-01
2023,3, Jujuy ,57.61,Alta penetración,2023-03-01
2023,3, La Pampa ,99.0,Alta penetración,2023-03-01
2023,3, La Rioja ,80.44,Alta penetración,2023-03-01
2023,3, Mendoza ,52.03,Alta penetración,2023-03-01
2023,3, Misiones ,55.51,Alta penetración,2023-03-01
2023,3, Neuquén ,79.97,Alta penetración,2023-03-01
2023,3, Río Negro ,68.4,Alta penetración,2023-03-01
2023,3, Salta ,57.57,Alta penetración,2023-03-01
2023,3, San Juan ,50.45,Alta penetración,2023-03-01
2023,3, San Luis ,98.55,Alta penetración,2023-03-01
2023,3, Santa Cruz ,40.89,Baja penetración,2023-03-01
2023,3, Santa Fe ,79.09,Alta penetración,2023-03-01
2023,3, Santiago Del Estero ,48.67,Baja penetración,2023-03-01
2023,3, Tierra Del Fuego ,105.95,Alta penetración,2023-03-01
2023,3, Tucumán ,61.26,Alta penetración,2023-03-01
2023,2, Buenos Aires ,79.67,Alta penetración,2023-02-01
2023,2, Capital Federal ,115.48,Alta penetración,2023-02-01
2023,2, Catamarca ,67.42,Alta penetración,2023-02-01
2023,2, Chaco ,42.87,Baja penetración,2023-02-01
2023,2, Chubut ,82.49,Alta penetración,2023-02-01
2023,2, Córdoba ,90.13,Alta penetración,2023-02-01
2023,2, Corrientes ,52.37,Alta penetración,2023-02-01
2023,2, Entre Ríos ,64.43,Alta penetración,2023-02-01
2023,2, Formosa ,38.32,Baja penetración,2023-02-01
2023,2, Jujuy ,57.78,Alta penetración,2023-02-01
2023,2, La Pampa ,98.35,Alta penetración,2023-02-01
2023,2, La Rioja ,80.01,Alta penetración,2023-02-01
2023,2, Mendoza ,52.09,Alta penetración,2023-02-01
2023,2, Misiones ,55.18,Alta penetración,2023-02-01
2023,2, Neuquén ,78.97,Alta penetración,2023-02-01
2023,2, Río Negro ,68.56,Alta penetración,2023-02-01
2023,2, Salta ,57.48,Alta penetración,2023-02-01
2023,2, San Juan ,47.52,Baja penetración,2023-02-01
2023,2, San Luis ,93.41,Alta penetración,2023-02-01
2023,2, Santa Cruz ,41.66,Baja penetración,2023-02-01
2023,2, Santa Fe ,78.83,Alta penetración,2023-02-01
2023,2, Santiago Del Estero ,47.14,Baja penetración,2023-02-01
2023,2, Tierra Del Fuego ,106.38,Alta penetración,2023-02-01
2023,2, Tucumán ,60.75,Alta penetración,2023-02-01
2023,1, Buenos Aires ,79.0,Alta penetración,2023-01-01
2023,1, Capital Federal ,122.59,Alta penetración,2023-01-01
2023,1, Catamarca ,66.17,Alta penetración,2023-01-01
2023,1, Chaco ,43.15,Baja penetración,2023-01-01
2023,1, Chubut ,85.89,Alta penetración,2023-01-01
2023,1, Córdoba ,88.84,Alta penetración,2023-01-01
2023,1, Corrientes ,52.05,Alta penetración,2023-01-01
2023,1, Entre Ríos ,64.79,Alta penetración,2023-01-01
2023,1, Formosa ,38.79,Baja penetración,2023-01-01
2023,1, Jujuy ,58.2,Alta penetración,2023-01-01
2023,1, La Pampa ,96.55,Alta penetración,2023-01-01
2023,1, La Rioja ,79.74,Alta penetración,2023-01-01
2023,1, Mendoza ,51.4,Alta penetración,2023-01-01
2023,1, Misiones ,53.97,Alta penetración,2023-01-01
2023,1, Neuquén ,78.55,Alta penetración,2023-01-01
2023,1, Río Negro ,69.16,Alta penetración,2023-01-01
2023,1, Salta ,57.67,Alta penetración,2023-01-01
2023,1, San Juan ,49.75,Baja penetración,2023-01-01
2023,1, San Luis ,90.17,Alta penetración,2023-01-01
2023,1, Santa Cruz ,43.42,Baja penetración,2023-01-01
2023,1, Santa Fe ,78.13,Alta penetración,2023-01-01
2023,1, Santiago Del Estero ,47.55,Baja penetración,2023-01-01
2023,1, Tierra Del Fuego ,104.23,Alta penetración,2023-01-01
2023,1, Tucumán ,60.34,Alta penetración,2023-01-01
2022,4, Buenos Aires ,78.94,Alta penetración,2022-04-01
2022,4, Capital Federal ,122.73,Alta penetración,2022-04-01
2022,4, Catamarca ,65.77,Alta penetración,2022-04-01
2022,4, Chaco ,43.62,Baja penetración,2022-04-01
2022,4, Chubut ,85.57,Alta penetración,2022-04-01
2022,4, Córdoba ,89.03,Alta penetración,2022-04-01
2022,4, Corrientes ,51.64,Alta penetración,2022-04-01
2022,4, Entre Ríos ,64.01,Alta penetración,2022-04-01
2022,4, Formosa ,39.41,Baja penetración,2022-04-01
2022,4, Jujuy ,58.46,Alta penetración,2022-04-01
2022,4, La Pampa ,94.8,Alta penetración,2022-04-01
2022,4, La Rioja ,79.86,Alta penetración,2022-04-01
2022,4, Mendoza ,51.36,Alta penetración,2022-04-01
2022,4, Misiones ,52.85,Alta penetración,2022-04-01
2022,4, Neuquén ,78.67,Alta penetración,2022-04-01
2022,4, Río Negro ,68.42,Alta penetración,2022-04-01
2022,4, Salta ,57.96,Alta penetración,2022-04-01
2022,4, San Juan ,50.88,Alta penetración,2022-04-01
2022,4, San Luis ,90.27,Alta penetración,2022-04-01
2022,4, Santa Cruz ,43.53,Baja penetración,2022-04-01
2022,4, Santa Fe ,78.4,Alta penetración,2022-04-01
2022,4, Santiago Del Estero ,48.05,Baja penetración,2022-04-01
2022,4, Tierra Del Fuego ,101.44,Alta penetración,2022-04-01
2022,4, Tucumán ,61.04,Alta penetración,2022-04-01
2022,3, Buenos Aires ,78.11,Alta penetración,2022-03-01
2022,3, Capital Federal ,122.28,Alta penetración,2022-03-01
2022,3, Catamarca ,65.33,Alta penetración,2022-03-01
2022,3, Chaco ,43.86,Baja penetración,2022-03-01
2022,3, Chubut ,84.38,Alta penetración,2022-03-01
2022,3, Córdoba ,88.31,Alta penetración,2022-03-01
2022,3, Corrientes ,48.21,Baja penetración,2022-03-01
2022,3, Entre Ríos ,63.67,Alta penetración,2022-03-01
2022,3, Formosa ,43.76,Baja penetración,2022-03-01
2022,3, Jujuy ,58.91,Alta penetración,2022-03-01
2022,3, La Pampa ,96.59,Alta penetración,2022-03-01
2022,3, La Rioja ,80.66,Alta penetración,2022-03-01
2022,3, Mendoza ,51.03,Alta penetración,2022-03-01
2022,3, Misiones ,51.82,Alta penetración,2022-03-01
2022,3, Neuquén ,80.37,Alta penetración,2022-03-01
2022,3, Río Negro ,67.98,Alta penetración,2022-03-01
2022,3, Salta ,57.76,Alta penetración,2022-03-01
2022,3, San Juan ,50.8,Alta penetración,2022-03-01
2022,3, San Luis ,81.74,Alta penetración,2022-03-01
2022,3, Santa Cruz ,43.19,Baja penetración,2022-03-01
2022,3, Santa Fe ,78.55,Alta penetración,2022-03-01
2022,3, Santiago Del Estero ,47.98,Baja penetración,2022-03-01
2022,3, Tierra Del Fuego ,99.51,Alta penetración,2022-03-01
2022,3, Tucumán ,61.14,Alta penetración,2022-03-01
2022,2, Buenos Aires ,77.58,Alta penetración,2022-02-01
2022,2, Capital Federal ,121.31,Alta penetración,2022-02-01
2022,2, Catamarca ,62.4,Alta penetración,2022-02-01
2022,2, Chaco ,43.79,Baja penetración,2022-02-01
2022,2, Chubut ,83.19,Alta penetración,2022-02-01
2022,2, Córdoba ,87.48,Alta penetración,2022-02-01
2022,2, Corrientes ,48.35,Baja penetración,2022-02-01
2022,2, Entre Ríos ,63.9,Alta penetración,2022-02-01
2022,2, Formosa ,43.42,Baja penetración,2022-02-01
2022,2, Jujuy ,57.32,Alta penetración,2022-02-01
2022,2, La Pampa ,92.98,Alta penetración,2022-02-01
2022,2, La Rioja ,80.14,Alta penetración,2022-02-01
2022,2, Mendoza ,49.39,Baja penetración,2022-02-01
2022,2, Misiones ,51.0,Alta penetración,2022-02-01
2022,2, Neuquén ,80.02,Alta penetración,2022-02-01
2022,2, Río Negro ,67.85,Alta penetración,2022-02-01
2022,2, Salta ,57.54,Alta penetración,2022-02-01
2022,2, San Juan ,49.46,Baja penetración,2022-02-01
2022,2, San Luis ,81.76,Alta penetración,2022-02-01
2022,2, Santa Cruz ,43.15,Baja penetración,2022-02-01
2022,2, Santa Fe ,77.9,Alta penetración,2022-02-01
2022,2, Santiago Del Estero ,47.7,Baja penetración,2022-02-01
2022,2, Tierra Del Fuego ,99.86,Alta penetración,2022-02-01
2022,2, Tucumán ,59.31,Alta penetración,2022-02-01
2022,1, Buenos Aires ,76.08,Alta penetración,2022-01-01
2022,1, Capital Federal ,111.8,Alta penetración,2022-01-01
2022,1, Catamarca ,58.21,Alta penetración,2022-01-01
2022,1, Chaco ,44.06,Baja penetración,2022-01-01
2022,1, Chubut ,88.05,Alta penetración,2022-01-01
2022,1, Córdoba ,85.76,Alta penetración,2022-01-01
2022,1, Corrientes ,47.64,Baja penetración,2022-01-01
2022,1, Entre Ríos ,63.7,Alta penetración,2022-01-01
2022,1, Formosa ,34.96,Baja penetración,2022-01-01
2022,1, Jujuy ,58.06,Alta penetración,2022-01-01
2022,1, La Pampa ,91.66,Alta penetración,2022-01-01
2022,1, La Rioja ,78.77,Alta penetración,2022-01-01
2022,1, Mendoza ,48.74,Baja penetración,2022-01-01
2022,1, Misiones ,49.04,Baja penetración,2022-01-01
2022,1, Neuquén ,74.17,Alta penetración,2022-01-01
2022,1, Río Negro ,67.04,Alta penetración,2022-01-01
2022,1, Salta ,56.11,Alta penetración,2022-01-01
2022,1, San Juan ,43.55,Baja penetración,2022-01-01
2022,1, San Luis ,80.72,Alta penetración,2022-01-01
2022,1, Santa Cruz ,43.34,Baja penetración,2022-01-01
2022,1, Santa Fe ,77.3,Alta penetración,2022-01-01
2022,1, Santiago Del Estero ,47.17,Baja penetración,2022-01-01
2022,1, Tierra Del Fuego ,98.29,Alta penetración,2022-01-01
2022,1, Tucumán ,57.39,Alta penetración,2022-01-01
2021,4, Buenos Aires ,75.66,Alta penetración,2021-04-01
2021,4, Capital Federal ,111.27,Alta penetración,2021-04-01
2021,4, Catamarca ,55.25,Alta penetración,2021-04-01
2021,4, Chaco ,44.05,Baja penetración,2021-04-01
2021,4, Chubut ,82.57,Alta penetración,2021-04-01
2021,4, Córdoba ,84.51,Alta penetración,2021-04-01
2021,4, Corrientes ,45.51,Baja penetración,2021-04-01
2021,4, Entre Ríos ,63.16,Alta penetración,2021-04-01
2021,4, Formosa ,34.45,Baja penetración,2021-04-01
2021,4, Jujuy ,56.92,Alta penetración,2021-04-01
2021,4, La Pampa ,89.57,Alta penetración,2021-04-01
2021,4, La Rioja ,77.92,Alta penetración,2021-04-01
2021,4, Mendoza ,47.51,Baja penetración,2021-04-01
2021,4, Misiones ,49.06,Baja penetración,2021-04-01
2021,4, Neuquén ,73.3,Alta penetración,2021-04-01
2021,4, Río Negro ,65.69,Alta penetración,2021-04-01
2021,4, Salta ,56.81,Alta penetración,2021-04-01
2021,4, San Juan ,39.59,Baja penetración,2021-04-01
2021,4, San Luis ,80.3,Alta penetración,2021-04-01
2021,4, Santa Cruz ,43.05,Baja penetración,2021-04-01
2021,4, Santa Fe ,77.09,Alta penetración,2021-04-01
2021,4, Santiago Del Estero ,47.05,Baja penetración,2021-04-01
2021,4, Tierra Del Fuego ,98.4,Alta penetración,2021-04-01
2021,4, Tucumán ,55.93,Alta penetración,2021-04-01
2021,3, Buenos Aires ,71.68,Alta penetración,2021-03-01
2021,3, Capital Federal ,111.27,Alta penetración,2021-03-01
2021,3, Catamarca ,52.71,Alta penetración,2021-03-01
2021,3, Chaco ,42.96,Baja penetración,2021-03-01
2021,3, Chubut ,80.71,Alta penetración,2021-03-01
2021,3, Córdoba ,81.28,Alta penetración,2021-03-01
2021,3, Corrientes ,44.9,Baja penetración,2021-03-01
2021,3, Entre Ríos ,62.18,Alta penetración,2021-03-01
2021,3, Formosa ,33.96,Baja penetración,2021-03-01
2021,3, Jujuy ,55.69,Alta penetración,2021-03-01
2021,3, La Pampa ,84.28,Alta penetración,2021-03-01
2021,3, La Rioja ,77.26,Alta penetración,2021-03-01
2021,3, Mendoza ,45.55,Baja penetración,2021-03-01
2021,3, Misiones ,45.57,Baja penetración,2021-03-01
2021,3, Neuquén ,69.71,Alta penetración,2021-03-01
2021,3, Río Negro ,61.97,Alta penetración,2021-03-01
2021,3, Salta ,55.96,Alta penetración,2021-03-01
2021,3, San Juan ,39.46,Baja penetración,2021-03-01
2021,3, San Luis ,79.87,Alta penetración,2021-03-01
2021,3, Santa Cruz ,43.75,Baja penetración,2021-03-01
2021,3, Santa Fe ,75.02,Alta penetración,2021-03-01
2021,3, Santiago Del Estero ,47.0,Baja penetración,2021-03-01
2021,3, Tierra Del Fuego ,94.95,Alta penetración,2021-03-01
2021,3, Tucumán ,54.64,Alta penetración,2021-03-01
2021,2, Buenos Aires ,70.0,Alta penetración,2021-02-01
2021,2, Capital Federal ,110.14,Alta penetración,2021-02-01
2021,2, Catamarca ,52.34,Alta penetración,2021-02-01
2021,2, Chaco ,43.33,Baja penetración,2021-02-01
2021,2, Chubut ,72.29,Alta penetración,2021-02-01
2021,2, Córdoba ,80.12,Alta penetración,2021-02-01
2021,2, Corrientes ,43.54,Baja penetración,2021-02-01
2021,2, Entre Ríos ,61.66,Alta penetración,2021-02-01
2021,2, Formosa ,33.23,Baja penetración,2021-02-01
2021,2, Jujuy ,56.18,Alta penetración,2021-02-01
2021,2, La Pampa ,82.08,Alta penetración,2021-02-01
2021,2, La Rioja ,76.98,Alta penetración,2021-02-01
2021,2, Mendoza ,40.97,Baja penetración,2021-02-01
2021,2, Misiones ,45.01,Baja penetración,2021-02-01
2021,2, Neuquén ,69.14,Alta penetración,2021-02-01
2021,2, Río Negro ,61.94,Alta penetración,2021-02-01
2021,2, Salta ,54.93,Alta penetración,2021-02-01
2021,2, San Juan ,39.28,Baja penetración,2021-02-01
2021,2, San Luis ,83.48,Alta penetración,2021-02-01
2021,2, Santa Cruz ,44.01,Baja penetración,2021-02-01
2021,2, Santa Fe ,75.07,Alta penetración,2021-02-01
2021,2, Santiago Del Estero ,46.56,Baja penetración,2021-02-01
2021,2, Tierra Del Fuego ,67.89,Alta penetración,2021-02-01
2021,2, Tucumán ,54.93,Alta penetración,2021-02-01
2021,1, Buenos Aires ,69.11,Alta penetración,2021-01-01
2021,1, Capital Federal ,108.42,Alta penetración,2021-01-01
2021,1, Catamarca ,48.9,Baja penetración,2021-01-01
2021,1, Chaco ,43.14,Baja penetración,2021-01-01
2021,1, Chubut ,68.99,Alta penetración,2021-01-01
2021,1, Córdoba ,78.59,Alta penetración,2021-01-01
2021,1, Corrientes ,42.66,Baja penetración,2021-01-01
2021,1, Entre Ríos ,60.44,Alta penetración,2021-01-01
2021,1, Formosa ,32.73,Baja penetración,2021-01-01
2021,1, Jujuy ,55.63,Alta penetración,2021-01-01
2021,1, La Pampa ,81.78,Alta penetración,2021-01-01
2021,1, La Rioja ,49.81,Baja penetración,2021-01-01
2021,1, Mendoza ,39.15,Baja penetración,2021-01-01
2021,1, Misiones ,43.17,Baja penetración,2021-01-01
2021,1, Neuquén ,66.84,Alta penetración,2021-01-01
2021,1, Río Negro ,60.88,Alta penetración,2021-01-01
2021,1, Salta ,53.93,Alta penetración,2021-01-01
2021,1, San Juan ,39.06,Baja penetración,2021-01-01
2021,1, San Luis ,81.24,Alta penetración,2021-01-01
2021,1, Santa Cruz ,41.65,Baja penetración,2021-01-01
2021,1, Santa Fe ,73.92,Alta penetración,2021-01-01
2021,1, Santiago Del Estero ,45.67,Baja penetración,2021-01-01
2021,1, Tierra Del Fuego ,77.35,Alta penetración,2021-01-01
2021,1, Tucumán ,54.82,Alta penetración,2021-01-01
2020,4, Buenos Aires ,68.98,Alta penetración,2020-04-01
2020,4, Capital Federal ,108.31,Alta penetración,2020-04-01
2020,4, Catamarca ,49.41,Baja penetración,2020-04-01
2020,4, Chaco ,43.03,Baja penetración,2020-04-01
2020,4, Chubut ,68.35,Alta penetración,2020-04-01
2020,4, Córdoba ,78.08,Alta penetración,2020-04-01
2020,4, Corrientes ,42.43,Baja penetración,2020-04-01
2020,4, Entre Ríos ,59.47,Alta penetración,2020-04-01
2020,4, Formosa ,32.49,Baja penetración,2020-04-01
2020,4, Jujuy ,53.46,Alta penetración,2020-04-01
2020,4, La Pampa ,81.77,Alta penetración,2020-04-01
2020,4, La Rioja ,50.11,Baja penetración,2020-04-01
2020,4, Mendoza ,38.63,Baja penetración,2020-04-01
2020,4, Misiones ,42.64,Baja penetración,2020-04-01
2020,4, Neuquén ,67.0,Alta penetración,2020-04-01
2020,4, Río Negro ,61.09,Alta penetración,2020-04-01
2020,4, Salta ,54.04,Alta penetración,2020-04-01
2020,4, San Juan ,36.32,Baja penetración,2020-04-01
2020,4, San Luis ,81.68,Alta penetración,2020-04-01
2020,4, Santa Cruz ,37.0,Baja penetración,2020-04-01
2020,4, Santa Fe ,73.58,Alta penetración,2020-04-01
2020,4, Santiago Del Estero ,43.75,Baja penetración,2020-04-01
2020,4, Tierra Del Fuego ,76.27,Alta penetración,2020-04-01
2020,4, Tucumán ,54.78,Alta penetración,2020-04-01
2020,3, Buenos Aires ,67.66,Alta penetración,2020-03-01
2020,3, Capital Federal ,107.68,Alta penetración,2020-03-01
2020,3, Catamarca ,47.16,Baja penetración,2020-03-01
2020,3, Chaco ,41.54,Baja penetración,2020-03-01
2020,3, Chubut ,68.34,Alta penetración,2020-03-01
2020,3, Córdoba ,75.22,Alta penetración,2020-03-01
2020,3, Corrientes ,41.75,Baja penetración,2020-03-01
2020,3, Entre Ríos ,58.19,Alta penetración,2020-03-01
2020,3, Formosa ,31.91,Baja penetración,2020-03-01
2020,3, Jujuy ,54.04,Alta penetración,2020-03-01
2020,3, La Pampa ,79.26,Alta penetración,2020-03-01
2020,3, La Rioja ,50.12,Baja penetración,2020-03-01
2020,3, Mendoza ,37.35,Baja penetración,2020-03-01
2020,3, Misiones ,41.6,Baja penetración,2020-03-01
2020,3, Neuquén ,65.24,Alta penetración,2020-03-01
2020,3, Río Negro ,57.05,Alta penetración,2020-03-01
2020,3, Salta ,52.32,Alta penetración,2020-03-01
2020,3, San Juan ,38.79,Baja penetración,2020-03-01
2020,3, San Luis ,79.96,Alta penetración,2020-03-01
2020,3, Santa Cruz ,35.95,Baja penetración,2020-03-01
2020,3, Santa Fe ,72.12,Alta penetración,2020-03-01
2020,3, Santiago Del Estero ,43.38,Baja penetración,2020-03-01
2020,3, Tierra Del Fuego ,76.81,Alta penetración,2020-03-01
2020,3, Tucumán ,53.23,Alta penetración,2020-03-01
2020,2, Buenos Aires ,65.22,Alta penetración,2020-02-01
2020,2, Capital Federal ,106.41,Alta penetración,2020-02-01
2020,2, Catamarca ,45.43,Baja penetración,2020-02-01
2020,2, Chaco ,39.83,Baja penetración,2020-02-01
2020,2, Chubut ,57.34,Alta penetración,2020-02-01
2020,2, Córdoba ,72.71,Alta penetración,2020-02-01
2020,2, Corrientes ,40.3,Baja penetración,2020-02-01
2020,2, Entre Ríos ,56.54,Alta penetración,2020-02-01
2020,2, Formosa ,31.14,Baja penetración,2020-02-01
2020,2, Jujuy ,47.89,Baja penetración,2020-02-01
2020,2, La Pampa ,76.1,Alta penetración,2020-02-01
2020,2, La Rioja ,49.84,Baja penetración,2020-02-01
2020,2, Mendoza ,36.25,Baja penetración,2020-02-01
2020,2, Misiones ,40.89,Baja penetración,2020-02-01
2020,2, Neuquén ,63.9,Alta penetración,2020-02-01
2020,2, Río Negro ,56.37,Alta penetración,2020-02-01
2020,2, Salta ,51.58,Alta penetración,2020-02-01
2020,2, San Juan ,35.09,Baja penetración,2020-02-01
2020,2, San Luis ,78.41,Alta penetración,2020-02-01
2020,2, Santa Cruz ,35.79,Baja penetración,2020-02-01
2020,2, Santa Fe ,70.0,Alta penetración,2020-02-01
2020,2, Santiago Del Estero ,43.47,Baja penetración,2020-02-01
2020,2, Tierra Del Fuego ,76.37,Alta penetración,2020-02-01
2020,2, Tucumán ,51.78,Alta penetración,2020-02-01
2020,1, Buenos Aires ,64.33,Alta penetración,2020-01-01
2020,1, Capital Federal ,105.98,Alta penetración,2020-01-01
2020,1, Catamarca ,37.62,Baja penetración,2020-01-01
2020,1, Chaco ,37.48,Baja penetración,2020-01-01
2020,1, Chubut ,51.27,Alta penetración,2020-01-01
2020,1, Córdoba ,70.69,Alta penetración,2020-01-01
2020,1, Corrientes ,38.73,Baja penetración,2020-01-01
2020,1, Entre Ríos ,56.12,Alta penetración,2020-01-01
2020,1, Formosa ,30.23,Baja penetración,2020-01-01
2020,1, Jujuy ,46.67,Baja penetración,2020-01-01
2020,1, La Pampa ,75.77,Alta penetración,2020-01-01
2020,1, La Rioja ,46.35,Baja penetración,2020-01-01
2020,1, Mendoza ,33.14,Baja penetración,2020-01-01
2020,1, Misiones ,39.02,Baja penetración,2020-01-01
2020,1, Neuquén ,61.85,Alta penetración,2020-01-01
2020,1, Río Negro ,55.12,Alta penetración,2020-01-01
2020,1, Salta ,49.6,Baja penetración,2020-01-01
2020,1, San Juan ,32.39,Baja penetración,2020-01-01
2020,1, San Luis ,76.31,Alta penetración,2020-01-01
2020,1, Santa Cruz ,35.97,Baja penetración,2020-01-01
2020,1, Santa Fe ,69.52,Alta penetración,2020-01-01
2020,1, Santiago Del Estero ,42.47,Baja penetración,2020-01-01
2020,1, Tierra Del Fuego ,76.07,Alta penetración,2020-01-01
2020,1, Tucumán ,47.85,Baja penetración,2020-01-01
2019,4, Buenos Aires ,64.25,Alta penetración,2019-04-01
2019,4, Capital Federal ,106.25,Alta penetración,2019-04-01
2019,4, Catamarca ,36.44,Baja penetración,2019-04-01
2019,4, Chaco ,36.84,Baja penetración,2019-04-01
2019,4, Chubut ,51.15,Alta penetración,2019-04-01
2019,4, Córdoba ,70.48,Alta penetración,2019-04-01
2019,4, Corrientes ,38.77,Baja penetración,2019-04-01
2019,4, Entre Ríos ,57.99,Alta penetración,2019-04-01
2019,4, Formosa ,30.47,Baja penetración,2019-04-01
2019,4, Jujuy ,45.38,Baja penetración,2019-04-01
2019,4, La Pampa ,76.92,Alta penetración,2019-04-01
2019,4, La Rioja ,47.14,Baja penetración,2019-04-01
2019,4, Mendoza ,33.65,Baja penetración,2019-04-01
2019,4, Misiones ,39.79,Baja penetración,2019-04-01
2019,4, Neuquén ,59.36,Alta penetración,2019-04-01
2019,4, Río Negro ,55.71,Alta penetración,2019-04-01
2019,4, Salta ,50.35,Alta penetración,2019-04-01
2019,4, San Juan ,32.85,Baja penetración,2019-04-01
2019,4, San Luis ,74.92,Alta penetración,2019-04-01
2019,4, Santa Cruz ,36.71,Baja penetración,2019-04-01
2019,4, Santa Fe ,69.48,Alta penetración,2019-04-01
2019,4, Santiago Del Estero ,42.92,Baja penetración,2019-04-01
2019,4, Tierra Del Fuego ,79.7,Alta penetración,2019-04-01
2019,4, Tucumán ,47.65,Baja penetración,2019-04-01
2019,3, Buenos Aires ,69.36,Alta penetración,2019-03-01
2019,3, Capital Federal ,112.65,Alta penetración,2019-03-01
2019,3, Catamarca ,30.88,Baja penetración,2019-03-01
2019,3, Chaco ,35.85,Baja penetración,2019-03-01
2019,3, Chubut ,47.57,Baja penetración,2019-03-01
2019,3, Córdoba ,68.59,Alta penetración,2019-03-01
2019,3, Corrientes ,38.49,Baja penetración,2019-03-01
2019,3, Entre Ríos ,57.9,Alta penetración,2019-03-01
2019,3, Formosa ,30.11,Baja penetración,2019-03-01
2019,3, Jujuy ,44.32,Baja penetración,2019-03-01
2019,3, La Pampa ,77.45,Alta penetración,2019-03-01
2019,3, La Rioja ,47.94,Baja penetración,2019-03-01
2019,3, Mendoza ,40.74,Baja penetración,2019-03-01
2019,3, Misiones ,39.33,Baja penetración,2019-03-01
2019,3, Neuquén ,64.14,Alta penetración,2019-03-01
2019,3, Río Negro ,63.42,Alta penetración,2019-03-01
2019,3, Salta ,44.48,Baja penetración,2019-03-01
2019,3, San Juan ,37.06,Baja penetración,2019-03-01
2019,3, San Luis ,85.23,Alta penetración,2019-03-01
2019,3, Santa Cruz ,35.63,Baja penetración,2019-03-01
2019,3, Santa Fe ,68.87,Alta penetración,2019-03-01
2019,3, Santiago Del Estero ,55.3,Alta penetración,2019-03-01
2019,3, Tierra Del Fuego ,96.46,Alta penetración,2019-03-01
2019,3, Tucumán ,39.49,Baja penetración,2019-03-01
2019,2, Buenos Aires ,67.85,Alta penetración,2019-02-01
2019,2, Capital Federal ,110.55,Alta penetración,2019-02-01
2019,2, Catamarca ,32.13,Baja penetración,2019-02-01
2019,2, Chaco ,34.14,Baja penetración,2019-02-01
2019,2, Chubut ,46.99,Baja penetración,2019-02-01
2019,2, Córdoba ,68.07,Alta penetración,2019-02-01
2019,2, Corrientes ,38.16,Baja penetración,2019-02-01
2019,2, Entre Ríos ,57.48,Alta penetración,2019-02-01
2019,2, Formosa ,30.42,Baja penetración,2019-02-01
2019,2, Jujuy ,44.51,Baja penetración,2019-02-01
2019,2, La Pampa ,77.08,Alta penetración,2019-02-01
2019,2, La Rioja ,48.7,Baja penetración,2019-02-01
2019,2, Mendoza ,40.75,Baja penetración,2019-02-01
2019,2, Misiones ,39.15,Baja penetración,2019-02-01
2019,2, Neuquén ,63.08,Alta penetración,2019-02-01
2019,2, Río Negro ,61.09,Alta penetración,2019-02-01
2019,2, Salta ,41.89,Baja penetración,2019-02-01
2019,2, San Juan ,35.6,Baja penetración,2019-02-01
2019,2, San Luis ,81.79,Alta penetración,2019-02-01
2019,2, Santa Cruz ,28.85,Baja penetración,2019-02-01
2019,2, Santa Fe ,67.42,Alta penetración,2019-02-01
2019,2, Santiago Del Estero ,52.79,Alta penetración,2019-02-01
2019,2, Tierra Del Fuego ,94.8,Alta penetración,2019-02-01
2019,2, Tucumán ,40.14,Baja penetración,2019-02-01
2019,1, Buenos Aires ,66.24,Alta penetración,2019-01-01
2019,1, Capital Federal ,109.2,Alta penetración,2019-01-01
2019,1, Catamarca ,32.19,Baja penetración,2019-01-01
2019,1, Chaco ,32.64,Baja penetración,2019-01-01
2019,1, Chubut ,43.0,Baja penetración,2019-01-01
2019,1, Córdoba ,65.52,Alta penetración,2019-01-01
2019,1, Corrientes ,35.13,Baja penetración,2019-01-01
2019,1, Entre Ríos ,56.79,Alta penetración,2019-01-01
2019,1, Formosa ,29.68,Baja penetración,2019-01-01
2019,1, Jujuy ,46.41,Baja penetración,2019-01-01
2019,1, La Pampa ,76.35,Alta penetración,2019-01-01
2019,1, La Rioja ,50.18,Alta penetración,2019-01-01
2019,1, Mendoza ,37.66,Baja penetración,2019-01-01
2019,1, Misiones ,36.26,Baja penetración,2019-01-01
2019,1, Neuquén ,58.88,Alta penetración,2019-01-01
2019,1, Río Negro ,53.57,Alta penetración,2019-01-01
2019,1, Salta ,40.1,Baja penetración,2019-01-01
2019,1, San Juan ,31.83,Baja penetración,2019-01-01
2019,1, San Luis ,67.34,Alta penetración,2019-01-01
2019,1, Santa Cruz ,23.67,Baja penetración,2019-01-01
2019,1, Santa Fe ,66.97,Alta penetración,2019-01-01
2019,1, Santiago Del Estero ,37.52,Baja penetración,2019-01-01
2019,1, Tierra Del Fuego ,93.38,Alta penetración,2019-01-01
2019,1, Tucumán ,41.63,Baja penetración,2019-01-01
2018,4, Buenos Aires ,64.6,Alta penetración,2018-04-01
2018,4, Capital Federal ,108.27,Alta penetración,2018-04-01
2018,4, Catamarca ,32.23,Baja penetración,2018-04-01
2018,4, Chaco ,32.59,Baja penetración,2018-04-01
2018,4, Chubut ,42.61,Baja penetración,2018-04-01
2018,4, Córdoba ,65.09,Alta penetración,2018-04-01
2018,4, Corrientes ,34.57,Baja penetración,2018-04-01
2018,4, Entre Ríos ,54.37,Alta penetración,2018-04-01
2018,4, Formosa ,29.74,Baja penetración,2018-04-01
2018,4, Jujuy ,46.53,Baja penetración,2018-04-01
2018,4, La Pampa ,73.49,Alta penetración,2018-04-01
2018,4, La Rioja ,50.35,Alta penetración,2018-04-01
2018,4, Mendoza ,37.76,Baja penetración,2018-04-01
2018,4, Misiones ,34.45,Baja penetración,2018-04-01
2018,4, Neuquén ,59.07,Alta penetración,2018-04-01
2018,4, Río Negro ,51.86,Alta penetración,2018-04-01
2018,4, Salta ,39.8,Baja penetración,2018-04-01
2018,4, San Juan ,31.9,Baja penetración,2018-04-01
2018,4, San Luis ,67.55,Alta penetración,2018-04-01
2018,4, Santa Cruz ,23.69,Baja penetración,2018-04-01
2018,4, Santa Fe ,65.59,Alta penetración,2018-04-01
2018,4, Santiago Del Estero ,37.4,Baja penetración,2018-04-01
2018,4, Tierra Del Fuego ,93.59,Alta penetración,2018-04-01
2018,4, Tucumán ,41.76,Baja penetración,2018-04-01
2018,3, Buenos Aires ,64.44,Alta penetración,2018-03-01
2018,3, Capital Federal ,108.45,Alta penetración,2018-03-01
2018,3, Catamarca ,32.92,Baja penetración,2018-03-01
2018,3, Chaco ,32.28,Baja penetración,2018-03-01
2018,3, Chubut ,56.39,Alta penetración,2018-03-01
2018,3, Córdoba ,64.24,Alta penetración,2018-03-01
2018,3, Corrientes ,34.25,Baja penetración,2018-03-01
2018,3, Entre Ríos ,50.22,Alta penetración,2018-03-01
2018,3, Formosa ,29.58,Baja penetración,2018-03-01
2018,3, Jujuy ,23.26,Baja penetración,2018-03-01
2018,3, La Pampa ,71.75,Alta penetración,2018-03-01
2018,3, La Rioja ,50.73,Alta penetración,2018-03-01
2018,3, Mendoza ,37.99,Baja penetración,2018-03-01
2018,3, Misiones ,32.1,Baja penetración,2018-03-01
2018,3, Neuquén ,60.49,Alta penetración,2018-03-01
2018,3, Río Negro ,50.54,Alta penetración,2018-03-01
2018,3, Salta ,39.43,Baja penetración,2018-03-01
2018,3, San Juan ,33.05,Baja penetración,2018-03-01
2018,3, San Luis ,52.35,Alta penetración,2018-03-01
2018,3, Santa Cruz ,32.73,Baja penetración,2018-03-01
2018,3, Santa Fe ,63.41,Alta penetración,2018-03-01
2018,3, Santiago Del Estero ,36.25,Baja penetración,2018-03-01
2018,3, Tierra Del Fuego ,92.77,Alta penetración,2018-03-01
2018,3, Tucumán ,41.68,Baja penetración,2018-03-01
2018,2, Buenos Aires ,62.78,Alta penetración,2018-02-01
2018,2, Capital Federal ,106.53,Alta penetración,2018-02-01
2018,2, Catamarca ,32.86,Baja penetración,2018-02-01
2018,2, Chaco ,31.25,Baja penetración,2018-02-01
2018,2, Chubut ,54.9,Alta penetración,2018-02-01
2018,2, Córdoba ,63.27,Alta penetración,2018-02-01
2018,2, Corrientes ,33.81,Baja penetración,2018-02-01
2018,2, Entre Ríos ,49.2,Baja penetración,2018-02-01
2018,2, Formosa ,29.43,Baja penetración,2018-02-01
2018,2, Jujuy ,23.43,Baja penetración,2018-02-01
2018,2, La Pampa ,71.04,Alta penetración,2018-02-01
2018,2, La Rioja ,50.98,Alta penetración,2018-02-01
2018,2, Mendoza ,36.97,Baja penetración,2018-02-01
2018,2, Misiones ,31.63,Baja penetración,2018-02-01
2018,2, Neuquén ,60.24,Alta penetración,2018-02-01
2018,2, Río Negro ,50.15,Alta penetración,2018-02-01
2018,2, Salta ,39.94,Baja penetración,2018-02-01
2018,2, San Juan ,32.95,Baja penetración,2018-02-01
2018,2, San Luis ,15.15,Baja penetración,2018-02-01
2018,2, Santa Cruz ,33.33,Baja penetración,2018-02-01
2018,2, Santa Fe ,62.57,Alta penetración,2018-02-01
2018,2, Santiago Del Estero ,35.26,Baja penetración,2018-02-01
2018,2, Tierra Del Fuego ,91.61,Alta penetración,2018-02-01
2018,2, Tucumán ,41.51,Baja penetración,2018-02-01
2018,1, Buenos Aires ,62.63,Alta penetración,2018-01-01
2018,1, Capital Federal ,106.24,Alta penetración,2018-01-01
2018,1, Catamarca ,32.79,Baja penetración,2018-01-01
2018,1, Chaco ,30.83,Baja penetración,2018-01-01
2018,1, Chubut ,53.72,Alta penetración,2018-01-01
2018,1, Córdoba ,63.52,Alta penetración,2018-01-01
2018,1, Corrientes ,32.66,Baja penetración,2018-01-01
2018,1, Entre Ríos ,48.68,Baja penetración,2018-01-01
2018,1, Formosa ,21.4,Baja penetración,2018-01-01
2018,1, Jujuy ,23.12,Baja penetración,2018-01-01
2018,1, La Pampa ,71.75,Alta penetración,2018-01-01
2018,1, La Rioja ,51.44,Alta penetración,2018-01-01
2018,1, Mendoza ,37.07,Baja penetración,2018-01-01
2018,1, Misiones ,30.96,Baja penetración,2018-01-01
2018,1, Neuquén ,61.52,Alta penetración,2018-01-01
2018,1, Río Negro ,49.82,Baja penetración,2018-01-01
2018,1, Salta ,39.78,Baja penetración,2018-01-01
2018,1, San Juan ,32.61,Baja penetración,2018-01-01
2018,1, San Luis ,15.15,Baja penetración,2018-01-01
2018,1, Santa Cruz ,33.55,Baja penetración,2018-01-01
2018,1, Santa Fe ,62.28,Alta penetración,2018-01-01
2018,1, Santiago Del Estero ,34.99,Baja penetración,2018-01-01
2018,1, Tierra Del Fuego ,65.2,Alta penetración,2018-01-01
2018,1, Tucumán ,41.18,Baja penetración,2018-01-01
2017,4, Buenos Aires ,57.61,Alta penetración,2017-04-01
2017,4, Capital Federal ,122.9,Alta penetración,2017-04-01
2017,4, Catamarca ,28.62,Baja penetración,2017-04-01
2017,4, Chaco ,30.81,Baja penetración,2017-04-01
2017,4, Chubut ,51.46,Alta penetración,2017-04-01
2017,4, Córdoba ,63.33,Alta penetración,2017-04-01
2017,4, Corrientes ,32.52,Baja penetración,2017-04-01
2017,4, Entre Ríos ,47.89,Baja penetración,2017-04-01
2017,4, Formosa ,21.27,Baja penetración,2017-04-01
2017,4, Jujuy ,22.74,Baja penetración,2017-04-01
2017,4, La Pampa ,71.05,Alta penetración,2017-04-01
2017,4, La Rioja ,51.57,Alta penetración,2017-04-01
2017,4, Mendoza ,33.33,Baja penetración,2017-04-01
2017,4, Misiones ,31.14,Baja penetración,2017-04-01
2017,4, Neuquén ,61.24,Alta penetración,2017-04-01
2017,4, Río Negro ,49.38,Baja penetración,2017-04-01
2017,4, Salta ,39.8,Baja penetración,2017-04-01
2017,4, San Juan ,30.3,Baja penetración,2017-04-01
2017,4, San Luis ,10.59,Baja penetración,2017-04-01
2017,4, Santa Cruz ,28.91,Baja penetración,2017-04-01
2017,4, Santa Fe ,61.71,Alta penetración,2017-04-01
2017,4, Santiago Del Estero ,29.13,Baja penetración,2017-04-01
2017,4, Tierra Del Fuego ,59.89,Alta penetración,2017-04-01
2017,4, Tucumán ,39.9,Baja penetración,2017-04-01
2017,3, Buenos Aires ,55.63,Alta penetración,2017-03-01
2017,3, Capital Federal ,121.86,Alta penetración,2017-03-01
2017,3, Catamarca ,32.49,Baja penetración,2017-03-01
2017,3, Chaco ,29.98,Baja penetración,2017-03-01
2017,3, Chubut ,46.22,Baja penetración,2017-03-01
2017,3, Córdoba ,62.31,Alta penetración,2017-03-01
2017,3, Corrientes ,32.17,Baja penetración,2017-03-01
2017,3, Entre Ríos ,45.96,Baja penetración,2017-03-01
2017,3, Formosa ,21.35,Baja penetración,2017-03-01
2017,3, Jujuy ,22.65,Baja penetración,2017-03-01
2017,3, La Pampa ,69.14,Alta penetración,2017-03-01
2017,3, La Rioja ,51.47,Alta penetración,2017-03-01
2017,3, Mendoza ,35.7,Baja penetración,2017-03-01
2017,3, Misiones ,30.21,Baja penetración,2017-03-01
2017,3, Neuquén ,60.83,Alta penetración,2017-03-01
2017,3, Río Negro ,48.52,Baja penetración,2017-03-01
2017,3, Salta ,39.84,Baja penetración,2017-03-01
2017,3, San Juan ,32.37,Baja penetración,2017-03-01
2017,3, San Luis ,15.48,Baja penetración,2017-03-01
2017,3, Santa Cruz ,33.29,Baja penetración,2017-03-01
2017,3, Santa Fe ,60.91,Alta penetración,2017-03-01
2017,3, Santiago Del Estero ,35.12,Baja penetración,2017-03-01
2017,3, Tierra Del Fuego ,65.74,Alta penetración,2017-03-01
2017,3, Tucumán ,39.7,Baja penetración,2017-03-01
2017,2, Buenos Aires ,56.27,Alta penetración,2017-02-01
2017,2, Capital Federal ,124.06,Alta penetración,2017-02-01
2017,2, Catamarca ,25.98,Baja penetración,2017-02-01
2017,2, Chaco ,29.05,Baja penetración,2017-02-01
2017,2, Chubut ,35.55,Baja penetración,2017-02-01
2017,2, Córdoba ,58.97,Alta penetración,2017-02-01
2017,2, Corrientes ,31.39,Baja penetración,2017-02-01
2017,2, Entre Ríos ,45.39,Baja penetración,2017-02-01
2017,2, Formosa ,19.97,Baja penetración,2017-02-01
2017,2, Jujuy ,22.4,Baja penetración,2017-02-01
2017,2, La Pampa ,63.49,Alta penetración,2017-02-01
2017,2, La Rioja ,16.2,Baja penetración,2017-02-01
2017,2, Mendoza ,31.76,Baja penetración,2017-02-01
2017,2, Misiones ,30.09,Baja penetración,2017-02-01
2017,2, Neuquén ,61.91,Alta penetración,2017-02-01
2017,2, Río Negro ,46.02,Baja penetración,2017-02-01
2017,2, Salta ,32.74,Baja penetración,2017-02-01
2017,2, San Juan ,26.96,Baja penetración,2017-02-01
2017,2, San Luis ,9.51,Baja penetración,2017-02-01
2017,2, Santa Cruz ,26.25,Baja penetración,2017-02-01
2017,2, Santa Fe ,52.27,Alta penetración,2017-02-01
2017,2, Santiago Del Estero ,14.12,Baja penetración,2017-02-01
2017,2, Tierra Del Fuego ,68.46,Alta penetración,2017-02-01
2017,2, Tucumán ,38.19,Baja penetración,2017-02-01
2017,1, Buenos Aires ,58.57,Alta penetración,2017-01-01
2017,1, Capital Federal ,108.37,Alta penetración,2017-01-01
2017,1, Catamarca ,25.66,Baja penetración,2017-01-01
2017,1, Chaco ,28.62,Baja penetración,2017-01-01
2017,1, Chubut ,35.66,Baja penetración,2017-01-01
2017,1, Córdoba ,57.65,Alta penetración,2017-01-01
2017,1, Corrientes ,30.94,Baja penetración,2017-01-01
2017,1, Entre Ríos ,44.91,Baja penetración,2017-01-01
2017,1, Formosa ,19.84,Baja penetración,2017-01-01
2017,1, Jujuy ,22.76,Baja penetración,2017-01-01
2017,1, La Pampa ,62.67,Alta penetración,2017-01-01
2017,1, La Rioja ,16.2,Baja penetración,2017-01-01
2017,1, Mendoza ,31.84,Baja penetración,2017-01-01
2017,1, Misiones ,29.52,Baja penetración,2017-01-01
2017,1, Neuquén ,61.02,Alta penetración,2017-01-01
2017,1, Río Negro ,46.03,Baja penetración,2017-01-01
2017,1, Salta ,32.58,Baja penetración,2017-01-01
2017,1, San Juan ,27.04,Baja penetración,2017-01-01
2017,1, San Luis ,9.55,Baja penetración,2017-01-01
2017,1, Santa Cruz ,26.52,Baja penetración,2017-01-01
2017,1, Santa Fe ,51.97,Alta penetración,2017-01-01
2017,1, Santiago Del Estero ,14.7,Baja penetración,2017-01-01
2017,1, Tierra Del Fuego ,68.92,Alta penetración,2017-01-01
2017,1, Tucumán ,37.9,Baja penetración,2017-01-01
2016,4, Buenos Aires ,61.24,Alta penetración,2016-04-01
2016,4, Capital Federal ,120.63,Alta penetración,2016-04-01
2016,4, Catamarca ,26.54,Baja penetración,2016-04-01
2016,4, Chaco ,28.79,Baja penetración,2016-04-01
2016,4, Chubut ,36.07,Baja penetración,2016-04-01
2016,4, Córdoba ,57.7,Alta penetración,2016-04-01
2016,4, Corrientes ,30.98,Baja penetración,2016-04-01
2016,4, Entre Ríos ,45.21,Baja penetración,2016-04-01
2016,4, Formosa ,19.85,Baja penetración,2016-04-01
2016,4, Jujuy ,22.65,Baja penetración,2016-04-01
2016,4, La Pampa ,63.02,Alta penetración,2016-04-01
2016,4, La Rioja ,16.46,Baja penetración,2016-04-01
2016,4, Mendoza ,32.11,Baja penetración,2016-04-01
2016,4, Misiones ,29.72,Baja penetración,2016-04-01
2016,4, Neuquén ,60.87,Alta penetración,2016-04-01
2016,4, Río Negro ,46.39,Baja penetración,2016-04-01
2016,4, Salta ,32.69,Baja penetración,2016-04-01
2016,4, San Juan ,27.29,Baja penetración,2016-04-01
2016,4, San Luis ,9.64,Baja penetración,2016-04-01
2016,4, Santa Cruz ,27.05,Baja penetración,2016-04-01
2016,4, Santa Fe ,52.19,Alta penetración,2016-04-01
2016,4, Santiago Del Estero ,15.07,Baja penetración,2016-04-01
2016,4, Tierra Del Fuego ,70.31,Alta penetración,2016-04-01
2016,4, Tucumán ,37.98,Baja penetración,2016-04-01
2016,3, Buenos Aires ,60.14,Alta penetración,2016-03-01
2016,3, Capital Federal ,120.77,Alta penetración,2016-03-01
2016,3, Catamarca ,26.48,Baja penetración,2016-03-01
2016,3, Chaco ,28.91,Baja penetración,2016-03-01
2016,3, Chubut ,36.18,Baja penetración,2016-03-01
2016,3, Córdoba ,58.24,Alta penetración,2016-03-01
2016,3, Corrientes ,31.07,Baja penetración,2016-03-01
2016,3, Entre Ríos ,45.44,Baja penetración,2016-03-01
2016,3, Formosa ,18.64,Baja penetración,2016-03-01
2016,3, Jujuy ,22.61,Baja penetración,2016-03-01
2016,3, La Pampa ,61.73,Alta penetración,2016-03-01
2016,3, La Rioja ,17.07,Baja penetración,2016-03-01
2016,3, Mendoza ,32.09,Baja penetración,2016-03-01
2016,3, Misiones ,29.91,Baja penetración,2016-03-01
2016,3, Neuquén ,60.21,Alta penetración,2016-03-01
2016,3, Río Negro ,46.39,Baja penetración,2016-03-01
2016,3, Salta ,32.96,Baja penetración,2016-03-01
2016,3, San Juan ,27.32,Baja penetración,2016-03-01
2016,3, San Luis ,9.63,Baja penetración,2016-03-01
2016,3, Santa Cruz ,26.84,Baja penetración,2016-03-01
2016,3, Santa Fe ,52.67,Alta penetración,2016-03-01
2016,3, Santiago Del Estero ,15.33,Baja penetración,2016-03-01
2016,3, Tierra Del Fuego ,68.94,Alta penetración,2016-03-01
2016,3, Tucumán ,37.9,Baja penetración,2016-03-01
2016,2, Buenos Aires ,59.34,Alta penetración,2016-02-01
2016,2, Capital Federal ,120.04,Alta penetración,2016-02-01
2016,2, Catamarca ,26.07,Baja penetración,2016-02-01
2016,2, Chaco ,28.59,Baja penetración,2016-02-01
2016,2, Chubut ,36.12,Baja penetración,2016-02-01
2016,2, Córdoba ,57.55,Alta penetración,2016-02-01
2016,2, Corrientes ,30.58,Baja penetración,2016-02-01
2016,2, Entre Ríos ,44.74,Baja penetración,2016-02-01
2016,2, Formosa ,19.37,Baja penetración,2016-02-01
2016,2, Jujuy ,21.89,Baja penetración,2016-02-01
2016,2, La Pampa ,60.44,Alta penetración,2016-02-01
2016,2, La Rioja ,16.88,Baja penetración,2016-02-01
2016,2, Mendoza ,32.13,Baja penetración,2016-02-01
2016,2, Misiones ,29.24,Baja penetración,2016-02-01
2016,2, Neuquén ,59.1,Alta penetración,2016-02-01
2016,2, Río Negro ,46.24,Baja penetración,2016-02-01
2016,2, Salta ,32.08,Baja penetración,2016-02-01
2016,2, San Juan ,27.34,Baja penetración,2016-02-01
2016,2, San Luis ,9.6,Baja penetración,2016-02-01
2016,2, Santa Cruz ,26.73,Baja penetración,2016-02-01
2016,2, Santa Fe ,52.44,Alta penetración,2016-02-01
2016,2, Santiago Del Estero ,15.89,Baja penetración,2016-02-01
2016,2, Tierra Del Fuego ,67.72,Alta penetración,2016-02-01
2016,2, Tucumán ,37.24,Baja penetración,2016-02-01
2016,1, Buenos Aires ,57.34,Alta penetración,2016-01-01
2016,1, Capital Federal ,115.16,Alta penetración,2016-01-01
2016,1, Catamarca ,25.91,Baja penetración,2016-01-01
2016,1, Chaco ,28.08,Baja penetración,2016-01-01
2016,1, Chubut ,36.09,Baja penetración,2016-01-01
2016,1, Córdoba ,55.28,Alta penetración,2016-01-01
2016,1, Corrientes ,30.08,Baja penetración,2016-01-01
2016,1, Entre Ríos ,43.85,Baja penetración,2016-01-01
2016,1, Formosa ,19.04,Baja penetración,2016-01-01
2016,1, Jujuy ,21.41,Baja penetración,2016-01-01
2016,1, La Pampa ,57.84,Alta penetración,2016-01-01
2016,1, La Rioja ,16.83,Baja penetración,2016-01-01
2016,1, Mendoza ,32.12,Baja penetración,2016-01-01
2016,1, Misiones ,28.37,Baja penetración,2016-01-01
2016,1, Neuquén ,55.75,Alta penetración,2016-01-01
2016,1, Río Negro ,45.84,Baja penetración,2016-01-01
2016,1, Salta ,31.32,Baja penetración,2016-01-01
2016,1, San Juan ,27.33,Baja penetración,2016-01-01
2016,1, San Luis ,9.59,Baja penetración,2016-01-01
2016,1, Santa Cruz ,26.87,Baja penetración,2016-01-01
2016,1, Santa Fe ,51.28,Alta penetración,2016-01-01
2016,1, Santiago Del Estero ,16.21,Baja penetración,2016-01-01
2016,1, Tierra Del Fuego ,65.83,Alta penetración,2016-01-01
2016,1, Tucumán ,36.72,Baja penetración,2016-01-01
2015,4, Buenos Aires ,58.29,Alta penetración,2015-04-01
2015,4, Capital Federal ,118.13,Alta penetración,2015-04-01
2015,4, Catamarca ,26.24,Baja penetración,2015-04-01
2015,4, Chaco ,28.35,Baja penetración,2015-04-01
2015,4, Chubut ,36.89,Baja penetración,2015-04-01
2015,4, Córdoba ,57.36,Alta penetración,2015-04-01
2015,4, Corrientes ,30.34,Baja penetración,2015-04-01
2015,4, Entre Ríos ,44.11,Baja penetración,2015-04-01
2015,4, Formosa ,19.07,Baja penetración,2015-04-01
2015,4, Jujuy ,21.47,Baja penetración,2015-04-01
2015,4, La Pampa ,58.76,Alta penetración,2015-04-01
2015,4, La Rioja ,17.32,Baja penetración,2015-04-01
2015,4, Mendoza ,32.49,Baja penetración,2015-04-01
2015,4, Misiones ,28.69,Baja penetración,2015-04-01
2015,4, Neuquén ,58.29,Alta penetración,2015-04-01
2015,4, Río Negro ,46.44,Baja penetración,2015-04-01
2015,4, Salta ,31.59,Baja penetración,2015-04-01
2015,4, San Juan ,27.66,Baja penetración,2015-04-01
2015,4, San Luis ,9.71,Baja penetración,2015-04-01
2015,4, Santa Cruz ,27.74,Baja penetración,2015-04-01
2015,4, Santa Fe ,52.61,Alta penetración,2015-04-01
2015,4, Santiago Del Estero ,17.0,Baja penetración,2015-04-01
2015,4, Tierra Del Fuego ,66.46,Alta penetración,2015-04-01
2015,4, Tucumán ,37.06,Baja penetración,2015-04-01
2015,3, Buenos Aires ,57.69,Alta penetración,2015-03-01
2015,3, Capital Federal ,118.29,Alta penetración,2015-03-01
2015,3, Catamarca ,25.86,Baja penetración,2015-03-01
2015,3, Chaco ,27.96,Baja penetración,2015-03-01
2015,3, Chubut ,36.81,Baja penetración,2015-03-01
2015,3, Córdoba ,57.08,Alta penetración,2015-03-01
2015,3, Corrientes ,30.17,Baja penetración,2015-03-01
2015,3, Entre Ríos ,43.68,Baja penetración,2015-03-01
2015,3, Formosa ,18.84,Baja penetración,2015-03-01
2015,3, Jujuy ,21.27,Baja penetración,2015-03-01
2015,3, La Pampa ,57.96,Alta penetración,2015-03-01
2015,3, La Rioja ,17.15,Baja penetración,2015-03-01
2015,3, Mendoza ,32.49,Baja penetración,2015-03-01
2015,3, Misiones ,28.31,Baja penetración,2015-03-01
2015,3, Neuquén ,54.6,Alta penetración,2015-03-01
2015,3, Río Negro ,46.39,Baja penetración,2015-03-01
2015,3, Salta ,31.18,Baja penetración,2015-03-01
2015,3, San Juan ,27.67,Baja penetración,2015-03-01
2015,3, San Luis ,9.71,Baja penetración,2015-03-01
2015,3, Santa Cruz ,27.61,Baja penetración,2015-03-01
2015,3, Santa Fe ,52.15,Alta penetración,2015-03-01
2015,3, Santiago Del Estero ,17.12,Baja penetración,2015-03-01
2015,3, Tierra Del Fuego ,74.86,Alta penetración,2015-03-01
2015,3, Tucumán ,36.61,Baja penetración,2015-03-01
2015,2, Buenos Aires ,56.8,Alta penetración,2015-02-01
2015,2, Capital Federal ,116.07,Alta penetración,2015-02-01
2015,2, Catamarca ,25.45,Baja penetración,2015-02-01
2015,2, Chaco ,27.46,Baja penetración,2015-02-01
2015,2, Chubut ,36.58,Baja penetración,2015-02-01
2015,2, Córdoba ,55.87,Alta penetración,2015-02-01
2015,2, Corrientes ,29.58,Baja penetración,2015-02-01
2015,2, Entre Ríos ,42.93,Baja penetración,2015-02-01
2015,2, Formosa ,18.36,Baja penetración,2015-02-01
2015,2, Jujuy ,20.29,Baja penetración,2015-02-01
2015,2, La Pampa ,56.71,Alta penetración,2015-02-01
2015,2, La Rioja ,16.88,Baja penetración,2015-02-01
2015,2, Mendoza ,32.49,Baja penetración,2015-02-01
2015,2, Misiones ,27.35,Baja penetración,2015-02-01
2015,2, Neuquén ,53.12,Alta penetración,2015-02-01
2015,2, Río Negro ,45.98,Baja penetración,2015-02-01
2015,2, Salta ,30.46,Baja penetración,2015-02-01
2015,2, San Juan ,27.64,Baja penetración,2015-02-01
2015,2, San Luis ,9.71,Baja penetración,2015-02-01
2015,2, Santa Cruz ,27.07,Baja penetración,2015-02-01
2015,2, Santa Fe ,51.18,Alta penetración,2015-02-01
2015,2, Santiago Del Estero ,17.11,Baja penetración,2015-02-01
2015,2, Tierra Del Fuego ,74.51,Alta penetración,2015-02-01
2015,2, Tucumán ,35.69,Baja penetración,2015-02-01
2015,1, Buenos Aires ,56.37,Alta penetración,2015-01-01
2015,1, Capital Federal ,114.9,Alta penetración,2015-01-01
2015,1, Catamarca ,25.11,Baja penetración,2015-01-01
2015,1, Chaco ,26.65,Baja penetración,2015-01-01
2015,1, Chubut ,37.61,Baja penetración,2015-01-01
2015,1, Córdoba ,54.7,Alta penetración,2015-01-01
2015,1, Corrientes ,28.95,Baja penetración,2015-01-01
2015,1, Entre Ríos ,42.07,Baja penetración,2015-01-01
2015,1, Formosa ,18.12,Baja penetración,2015-01-01
2015,1, Jujuy ,19.69,Baja penetración,2015-01-01
2015,1, La Pampa ,55.51,Alta penetración,2015-01-01
2015,1, La Rioja ,16.7,Baja penetración,2015-01-01
2015,1, Mendoza ,32.37,Baja penetración,2015-01-01
2015,1, Misiones ,26.31,Baja penetración,2015-01-01
2015,1, Neuquén ,51.95,Alta penetración,2015-01-01
2015,1, Río Negro ,45.33,Baja penetración,2015-01-01
2015,1, Salta ,30.01,Baja penetración,2015-01-01
2015,1, San Juan ,27.55,Baja penetración,2015-01-01
2015,1, San Luis ,9.72,Baja penetración,2015-01-01
2015,1, Santa Cruz ,27.99,Baja penetración,2015-01-01
2015,1, Santa Fe ,50.24,Alta penetración,2015-01-01
2015,1, Santiago Del Estero ,17.06,Baja penetración,2015-01-01
2015,1, Tierra Del Fuego ,74.23,Alta penetración,2015-01-01
2015,1, Tucumán ,35.08,Baja penetración,2015-01-01
2014,4, Buenos Aires ,56.09,Alta penetración,2014-04-01
2014,4, Capital Federal ,114.9,Alta penetración,2014-04-01
2014,4, Catamarca ,25.51,Baja penetración,2014-04-01
2014,4, Chaco ,21.87,Baja penetración,2014-04-01
2014,4, Chubut ,40.25,Baja penetración,2014-04-01
2014,4, Córdoba ,54.7,Alta penetración,2014-04-01
2014,4, Corrientes ,23.56,Baja penetración,2014-04-01
2014,4, Entre Ríos ,36.03,Baja penetración,2014-04-01
2014,4, Formosa ,17.96,Baja penetración,2014-04-01
2014,4, Jujuy ,19.6,Baja penetración,2014-04-01
2014,4, La Pampa ,51.27,Alta penetración,2014-04-01
2014,4, La Rioja ,17.01,Baja penetración,2014-04-01
2014,4, Mendoza ,32.64,Baja penetración,2014-04-01
2014,4, Misiones ,24.16,Baja penetración,2014-04-01
2014,4, Neuquén ,52.55,Alta penetración,2014-04-01
2014,4, Río Negro ,45.48,Baja penetración,2014-04-01
2014,4, Salta ,29.53,Baja penetración,2014-04-01
2014,4, San Juan ,28.04,Baja penetración,2014-04-01
2014,4, San Luis ,9.79,Baja penetración,2014-04-01
2014,4, Santa Cruz ,27.8,Baja penetración,2014-04-01
2014,4, Santa Fe ,50.0,Baja penetración,2014-04-01
2014,4, Santiago Del Estero ,17.27,Baja penetración,2014-04-01
2014,4, Tierra Del Fuego ,66.14,Alta penetración,2014-04-01
2014,4, Tucumán ,35.32,Baja penetración,2014-04-01
2014,3, Buenos Aires ,56.75,Alta penetración,2014-03-01
2014,3, Capital Federal ,113.8,Alta penetración,2014-03-01
2014,3, Catamarca ,24.71,Baja penetración,2014-03-01
2014,3, Chaco ,21.11,Baja penetración,2014-03-01
2014,3, Chubut ,40.6,Baja penetración,2014-03-01
2014,3, Córdoba ,54.23,Alta penetración,2014-03-01
2014,3, Corrientes ,22.79,Baja penetración,2014-03-01
2014,3, Entre Ríos ,34.98,Baja penetración,2014-03-01
2014,3, Formosa ,17.77,Baja penetración,2014-03-01
2014,3, Jujuy ,18.37,Baja penetración,2014-03-01
2014,3, La Pampa ,55.78,Alta penetración,2014-03-01
2014,3, La Rioja ,16.51,Baja penetración,2014-03-01
2014,3, Mendoza ,32.31,Baja penetración,2014-03-01
2014,3, Misiones ,23.57,Baja penetración,2014-03-01
2014,3, Neuquén ,56.4,Alta penetración,2014-03-01
2014,3, Río Negro ,46.2,Baja penetración,2014-03-01
2014,3, Salta ,29.22,Baja penetración,2014-03-01
2014,3, San Juan ,27.85,Baja penetración,2014-03-01
2014,3, San Luis ,9.71,Baja penetración,2014-03-01
2014,3, Santa Cruz ,28.23,Baja penetración,2014-03-01
2014,3, Santa Fe ,49.2,Baja penetración,2014-03-01
2014,3, Santiago Del Estero ,16.49,Baja penetración,2014-03-01
2014,3, Tierra Del Fuego ,65.69,Alta penetración,2014-03-01
2014,3, Tucumán ,33.94,Baja penetración,2014-03-01
2014,2, Buenos Aires ,55.06,Alta penetración,2014-02-01
2014,2, Capital Federal ,113.14,Alta penetración,2014-02-01
2014,2, Catamarca ,24.7,Baja penetración,2014-02-01
2014,2, Chaco ,20.96,Baja penetración,2014-02-01
2014,2, Chubut ,41.41,Baja penetración,2014-02-01
2014,2, Córdoba ,53.45,Alta penetración,2014-02-01
2014,2, Corrientes ,22.58,Baja penetración,2014-02-01
2014,2, Entre Ríos ,34.69,Baja penetración,2014-02-01
2014,2, Formosa ,17.54,Baja penetración,2014-02-01
2014,2, Jujuy ,18.71,Baja penetración,2014-02-01
2014,2, La Pampa ,49.71,Baja penetración,2014-02-01
2014,2, La Rioja ,16.5,Baja penetración,2014-02-01
2014,2, Mendoza ,32.1,Baja penetración,2014-02-01
2014,2, Misiones ,23.37,Baja penetración,2014-02-01
2014,2, Neuquén ,50.84,Alta penetración,2014-02-01
2014,2, Río Negro ,45.33,Baja penetración,2014-02-01
2014,2, Salta ,28.91,Baja penetración,2014-02-01
2014,2, San Juan ,27.78,Baja penetración,2014-02-01
2014,2, San Luis ,9.72,Baja penetración,2014-02-01
2014,2, Santa Cruz ,29.38,Baja penetración,2014-02-01
2014,2, Santa Fe ,48.39,Baja penetración,2014-02-01
2014,2, Santiago Del Estero ,16.7,Baja penetración,2014-02-01
2014,2, Tierra Del Fuego ,64.36,Alta penetración,2014-02-01
2014,2, Tucumán ,33.94,Baja penetración,2014-02-01
2014,1, Buenos Aires ,54.57,Alta penetración,2014-01-01
2014,1, Capital Federal ,112.25,Alta penetración,2014-01-01
2014,1, Catamarca ,24.25,Baja penetración,2014-01-01
2014,1, Chaco ,20.72,Baja penetración,2014-01-01
2014,1, Chubut ,41.24,Baja penetración,2014-01-01
2014,1, Córdoba ,52.52,Alta penetración,2014-01-01
2014,1, Corrientes ,22.32,Baja penetración,2014-01-01
2014,1, Entre Ríos ,34.37,Baja penetración,2014-01-01
2014,1, Formosa ,17.42,Baja penetración,2014-01-01
2014,1, Jujuy ,18.42,Baja penetración,2014-01-01
2014,1, La Pampa ,48.43,Baja penetración,2014-01-01
2014,1, La Rioja ,16.29,Baja penetración,2014-01-01
2014,1, Mendoza ,31.91,Baja penetración,2014-01-01
2014,1, Misiones ,23.14,Baja penetración,2014-01-01
2014,1, Neuquén ,49.79,Baja penetración,2014-01-01
2014,1, Río Negro ,44.91,Baja penetración,2014-01-01
